url_path,views_total,views_unique
/arikusi/deepseek-mcp-server,167,148
/arikusi/deepseek-mcp-server/blob/main/README.md,20,7
/arikusi/deepseek-mcp-server/issues,7,6
/arikusi/deepseek-mcp-server/blob/main/LAUNCHGUIDE.md,6,5
/arikusi/deepseek-mcp-server/discussions,4,3
/arikusi/deepseek-mcp-server/blob/main/CHANGELOG.md,3,3
/arikusi/deepseek-mcp-server/tree/main/src,3,2
/arikusi/deepseek-mcp-server/pulls,3,1
/arikusi/deepseek-mcp-server/actions/runs/30204381130,2,2
/arikusi/deepseek-mcp-server/blob/main/.npmignore,2,2
